{"Loss on train": 28.3105525970459, "Loss on test": 23.042217254638672, "Electron Density correlation (R)": 0.21665017306804657, "Proton Density correlation (R)": 0.06693220883607864, "epoch": 58, "trainer/global_step": 2300, "_timestamp": 1673299099.3113058, "_runtime": 108.05620884895325, "_step": 58, "_wandb": {"runtime": 107}}