{"Loss on train": 9.591984748840332, "Loss on test": 10.304418563842773, "Electron Density correlation (R)": 0.6705412864685059, "Proton Density correlation (R)": 0.6088328957557678, "epoch": 29, "trainer/global_step": 2339, "_timestamp": 1673128968.301102, "_runtime": 711.0367770195007, "_step": 29, "_wandb": {"runtime": 708}}