{"Loss on train": 12.756075859069824, "Loss on test": 15.41519546508789, "Electron Density correlation (R)": 0.045627642422914505, "Proton Density correlation (R)": -0.016915036365389824, "epoch": 99, "trainer/global_step": 3899, "_timestamp": 1673369534.6729476, "_runtime": 376.96032667160034, "_step": 99, "_wandb": {"runtime": 376}}