{"Loss on train": 36.510032653808594, "Loss on test": 27.365299224853516, "Electron Density correlation (R)": 0.08465396612882614, "Proton Density correlation (R)": 0.17675654590129852, "epoch": 0, "trainer/global_step": 38, "_timestamp": 1673369087.8334067, "_runtime": 2.9659957885742188, "_step": 0, "_wandb": {"runtime": 3}}