{"Loss on train": 14.237875938415527, "Loss on test": 11.468134880065918, "Electron Density correlation (R)": 0.27353858947753906, "Proton Density correlation (R)": 0.2438766211271286, "epoch": 49, "trainer/global_step": 1949, "_timestamp": 1673300155.4482586, "_runtime": 100.44715452194214, "_step": 49, "_wandb": {"runtime": 99}}