{"Loss on train": 12.755071640014648, "Loss on test": 11.755996704101562, "Electron Density correlation (R)": 0.2860618829727173, "Proton Density correlation (R)": 0.2579073905944824, "epoch": 99, "trainer/global_step": 3899, "_timestamp": 1673301908.734304, "_runtime": 337.9432408809662, "_step": 99, "_wandb": {"runtime": 337}}