{"Loss on train": 12.852272987365723, "Loss on test": 10.963038444519043, "Electron Density correlation (R)": 0.2792583107948303, "Proton Density correlation (R)": 0.23471792042255402, "epoch": 99, "trainer/global_step": 3899, "_timestamp": 1673301376.744124, "_runtime": 246.0962839126587, "_step": 99, "_wandb": {"runtime": 245}}