{"Loss on train": 12.959488868713379, "Loss on test": 14.288728713989258, "Electron Density correlation (R)": NaN, "Proton Density correlation (R)": NaN, "epoch": 80, "trainer/global_step": 6074, "_timestamp": 1673372257.2372427, "_runtime": 538.6835765838623, "_step": 80, "_wandb": {"runtime": 542}}