{"test loss": 13.763981819152832, "epoch": 0, "trainer/global_step": 77, "_timestamp": 1673120127.8418946, "_runtime": 167.24560165405273, "_step": 0, "_wandb": {"runtime": 65}}