{"Loss on train": 12.757539749145508, "Loss on test": 13.78251838684082, "Electron Density correlation (R)": 0.2631920874118805, "Proton Density correlation (R)": 0.17217785120010376, "epoch": 59, "trainer/global_step": 2339, "_timestamp": 1673209140.1588755, "_runtime": 195.9209303855896, "_step": 59, "_wandb": {"runtime": 195}}