{"Loss on train": 34.26731872558594, "Loss on test": 27.96265411376953, "Electron Density correlation (R)": 0.08901727199554443, "Proton Density correlation (R)": 0.09172254055738449, "epoch": 10, "trainer/global_step": 824, "_timestamp": 1673375599.387441, "_runtime": 75.05894684791565, "_step": 10, "_wandb": {"runtime": 79}}