{"Loss on train": 12.72680950164795, "Loss on test": 11.194589614868164, "Electron Density correlation (R)": 0.30596134066581726, "Proton Density correlation (R)": 0.29318520426750183, "epoch": 81, "trainer/global_step": 3197, "_timestamp": 1673365571.447273, "_runtime": 214.6428771018982, "_step": 81, "_wandb": {"runtime": 215}}