{"Loss on train": 16.701953887939453, "Loss on test": 15.809746742248535, "Electron Density correlation (R)": 0.24153956770896912, "Proton Density correlation (R)": 0.0999026671051979, "epoch": 1, "trainer/global_step": 77, "_timestamp": 1673186827.1196673, "_runtime": 5.680014371871948, "_step": 1, "_wandb": {"runtime": 6}}