{"Loss on train": 12.677225112915039, "Loss on test": 12.326213836669922, "Electron Density correlation (R)": 0.3142598271369934, "Proton Density correlation (R)": 0.2986273765563965, "epoch": 99, "trainer/global_step": 3899, "_timestamp": 1673301026.0486116, "_runtime": 276.68263053894043, "_step": 99, "_wandb": {"runtime": 276}}