{"Loss on train": 5.108638763427734, "Loss on test": 9.524864196777344, "Electron Density correlation (R)": 0.6534602642059326, "Proton Density correlation (R)": 0.5979138016700745, "epoch": 29, "trainer/global_step": 2339, "_timestamp": 1673130821.5078137, "_runtime": 896.1733887195587, "_step": 29, "_wandb": {"runtime": 894}}