{"Loss on train": 13.40121078491211, "Loss on test": 11.063694953918457, "Electron Density correlation (R)": 0.28502601385116577, "Proton Density correlation (R)": 0.23526686429977417, "epoch": 49, "trainer/global_step": 1949, "_timestamp": 1673299613.536841, "_runtime": 92.97679996490479, "_step": 49, "_wandb": {"runtime": 92}}