{"Loss on train": 12.761429786682129, "Loss on test": 13.7402982711792, "Electron Density correlation (R)": 0.3078445494174957, "Proton Density correlation (R)": 0.2544313669204712, "epoch": 99, "trainer/global_step": 3899, "_timestamp": 1673215081.4660597, "_runtime": 427.33319759368896, "_step": 99, "_wandb": {"runtime": 426}}