{"Loss on train": 12.655237197875977, "Loss on test": 13.254746437072754, "Electron Density correlation (R)": 0.24046097695827484, "Proton Density correlation (R)": 0.05063952878117561, "epoch": 59, "trainer/global_step": 2339, "_timestamp": 1673186437.377338, "_runtime": 120.07144904136658, "_step": 59, "_wandb": {"runtime": 119}}