{"Loss on train": 12.667023658752441, "Loss on test": 12.272491455078125, "Electron Density correlation (R)": 0.1540909856557846, "Proton Density correlation (R)": -0.1058310866355896, "epoch": 59, "trainer/global_step": 2339, "_timestamp": 1673178236.2238345, "_runtime": 138.2765235900879, "_step": 59, "_wandb": {"runtime": 136}}